"helloo","[entity.CommonRecipe@6eaacbe, entity.CommonRecipe@6926e279, entity.CommonRecipe@4d2d996b]"

"helloo","[entity.CommonRecipe@25cc1bba]"

""
"helloo","[entity.CommonRecipe@25cc1bba]"
"helloo","[entity.CommonRecipe@25cc1bba, entity.CommonRecipe@67fc588]"

""
"helloo","[entity.CommonRecipe@25cc1bba]"
""
""
"helloo","[entity.CommonRecipe@25cc1bba]"
"helloo","[entity.CommonRecipe@25cc1bba, entity.CommonRecipe@67fc588]"
"helloo","[entity.CommonRecipe@25cc1bba, entity.CommonRecipe@67fc588, entity.CommonRecipe@25cc1bba]"

""
"helloo","[entity.CommonRecipe@25cc1bba]"
""
""
"helloo","[entity.CommonRecipe@25cc1bba]"
"helloo","[entity.CommonRecipe@25cc1bba, entity.CommonRecipe@67fc588]"
""
""
"helloo","[entity.CommonRecipe@25cc1bba]"
""
""
"helloo","[entity.CommonRecipe@25cc1bba]"
"helloo","[entity.CommonRecipe@25cc1bba, entity.CommonRecipe@67fc588]"
"helloo","[entity.CommonRecipe@25cc1bba, entity.CommonRecipe@67fc588, entity.CommonRecipe@25cc1bba]"
"helloo","[entity.CommonRecipe@260282b8]"

""
"helloo","[entity.CommonRecipe@25cc1bba]"
""
""
"helloo","[entity.CommonRecipe@25cc1bba]"
"helloo","[entity.CommonRecipe@25cc1bba, entity.CommonRecipe@67fc588]"
""
""
"helloo","[entity.CommonRecipe@25cc1bba]"
""
""
"helloo","[entity.CommonRecipe@25cc1bba]"
"helloo","[entity.CommonRecipe@25cc1bba, entity.CommonRecipe@67fc588]"
"helloo","[entity.CommonRecipe@25cc1bba, entity.CommonRecipe@67fc588, entity.CommonRecipe@25cc1bba]"
""
""
"helloo","[entity.CommonRecipe@25cc1bba]"
""
""
"helloo","[entity.CommonRecipe@25cc1bba]"
"helloo","[entity.CommonRecipe@25cc1bba, entity.CommonRecipe@67fc588]"
""
""
"helloo","[entity.CommonRecipe@25cc1bba]"
""
""
"helloo","[entity.CommonRecipe@25cc1bba]"
"helloo","[entity.CommonRecipe@25cc1bba, entity.CommonRecipe@67fc588]"
"helloo","[entity.CommonRecipe@25cc1bba, entity.CommonRecipe@67fc588, entity.CommonRecipe@25cc1bba]"
"helloo","[entity.CommonRecipe@260282b8]"
"helloo","[entity.CommonRecipe@70ae5c48]"

""
"helloo","[entity.CommonRecipe@25cc1bba]"
""
""
"helloo","[entity.CommonRecipe@25cc1bba]"
"helloo","[entity.CommonRecipe@25cc1bba, entity.CommonRecipe@67fc588]"
""
""
"helloo","[entity.CommonRecipe@25cc1bba]"
""
""
"helloo","[entity.CommonRecipe@25cc1bba]"
"helloo","[entity.CommonRecipe@25cc1bba, entity.CommonRecipe@67fc588]"
"helloo","[entity.CommonRecipe@25cc1bba, entity.CommonRecipe@67fc588, entity.CommonRecipe@25cc1bba]"
""
""
"helloo","[entity.CommonRecipe@25cc1bba]"
""
""
"helloo","[entity.CommonRecipe@25cc1bba]"
"helloo","[entity.CommonRecipe@25cc1bba, entity.CommonRecipe@67fc588]"
""
""
"helloo","[entity.CommonRecipe@25cc1bba]"
""
""
"helloo","[entity.CommonRecipe@25cc1bba]"
"helloo","[entity.CommonRecipe@25cc1bba, entity.CommonRecipe@67fc588]"
"helloo","[entity.CommonRecipe@25cc1bba, entity.CommonRecipe@67fc588, entity.CommonRecipe@25cc1bba]"
"helloo","[entity.CommonRecipe@260282b8]"
""
""
"helloo","[entity.CommonRecipe@25cc1bba]"
""
""
"helloo","[entity.CommonRecipe@25cc1bba]"
"helloo","[entity.CommonRecipe@25cc1bba, entity.CommonRecipe@67fc588]"
""
""
"helloo","[entity.CommonRecipe@25cc1bba]"
""
""
"helloo","[entity.CommonRecipe@25cc1bba]"
"helloo","[entity.CommonRecipe@25cc1bba, entity.CommonRecipe@67fc588]"
"helloo","[entity.CommonRecipe@25cc1bba, entity.CommonRecipe@67fc588, entity.CommonRecipe@25cc1bba]"
""
""
"helloo","[entity.CommonRecipe@25cc1bba]"
""
""
"helloo","[entity.CommonRecipe@25cc1bba]"
"helloo","[entity.CommonRecipe@25cc1bba, entity.CommonRecipe@67fc588]"
""
""
"helloo","[entity.CommonRecipe@25cc1bba]"
""
""
"helloo","[entity.CommonRecipe@25cc1bba]"
"helloo","[entity.CommonRecipe@25cc1bba, entity.CommonRecipe@67fc588]"
"helloo","[entity.CommonRecipe@25cc1bba, entity.CommonRecipe@67fc588, entity.CommonRecipe@25cc1bba]"
"helloo","[entity.CommonRecipe@260282b8]"
"helloo","[entity.CommonRecipe@70ae5c48]"
"helloo","[entity.CommonRecipe@6ffafe67]"

""
"helloo","[entity.CommonRecipe@25cc1bba]"
""
""
"helloo","[entity.CommonRecipe@25cc1bba]"
"helloo","[entity.CommonRecipe@25cc1bba, entity.CommonRecipe@67fc588]"
""
""
"helloo","[entity.CommonRecipe@25cc1bba]"
""
""
"helloo","[entity.CommonRecipe@25cc1bba]"
"helloo","[entity.CommonRecipe@25cc1bba, entity.CommonRecipe@67fc588]"
"helloo","[entity.CommonRecipe@25cc1bba, entity.CommonRecipe@67fc588, entity.CommonRecipe@25cc1bba]"
""
""
"helloo","[entity.CommonRecipe@25cc1bba]"
""
""
"helloo","[entity.CommonRecipe@25cc1bba]"
"helloo","[entity.CommonRecipe@25cc1bba, entity.CommonRecipe@67fc588]"
""
""
"helloo","[entity.CommonRecipe@25cc1bba]"
""
""
"helloo","[entity.CommonRecipe@25cc1bba]"
"helloo","[entity.CommonRecipe@25cc1bba, entity.CommonRecipe@67fc588]"
"helloo","[entity.CommonRecipe@25cc1bba, entity.CommonRecipe@67fc588, entity.CommonRecipe@25cc1bba]"
"helloo","[entity.CommonRecipe@260282b8]"
""
""
"helloo","[entity.CommonRecipe@25cc1bba]"
""
""
"helloo","[entity.CommonRecipe@25cc1bba]"
"helloo","[entity.CommonRecipe@25cc1bba, entity.CommonRecipe@67fc588]"
""
""
"helloo","[entity.CommonRecipe@25cc1bba]"
""
""
"helloo","[entity.CommonRecipe@25cc1bba]"
"helloo","[entity.CommonRecipe@25cc1bba, entity.CommonRecipe@67fc588]"
"helloo","[entity.CommonRecipe@25cc1bba, entity.CommonRecipe@67fc588, entity.CommonRecipe@25cc1bba]"
""
""
"helloo","[entity.CommonRecipe@25cc1bba]"
""
""
"helloo","[entity.CommonRecipe@25cc1bba]"
"helloo","[entity.CommonRecipe@25cc1bba, entity.CommonRecipe@67fc588]"
""
""
"helloo","[entity.CommonRecipe@25cc1bba]"
""
""
"helloo","[entity.CommonRecipe@25cc1bba]"
"helloo","[entity.CommonRecipe@25cc1bba, entity.CommonRecipe@67fc588]"
"helloo","[entity.CommonRecipe@25cc1bba, entity.CommonRecipe@67fc588, entity.CommonRecipe@25cc1bba]"
"helloo","[entity.CommonRecipe@260282b8]"
"helloo","[entity.CommonRecipe@70ae5c48]"
""
""
"helloo","[entity.CommonRecipe@25cc1bba]"
""
""
"helloo","[entity.CommonRecipe@25cc1bba]"
"helloo","[entity.CommonRecipe@25cc1bba, entity.CommonRecipe@67fc588]"
""
""
"helloo","[entity.CommonRecipe@25cc1bba]"
""
""
"helloo","[entity.CommonRecipe@25cc1bba]"
"helloo","[entity.CommonRecipe@25cc1bba, entity.CommonRecipe@67fc588]"
"helloo","[entity.CommonRecipe@25cc1bba, entity.CommonRecipe@67fc588, entity.CommonRecipe@25cc1bba]"
""
""
"helloo","[entity.CommonRecipe@25cc1bba]"
""
""
"helloo","[entity.CommonRecipe@25cc1bba]"
"helloo","[entity.CommonRecipe@25cc1bba, entity.CommonRecipe@67fc588]"
""
""
"helloo","[entity.CommonRecipe@25cc1bba]"
""
""
"helloo","[entity.CommonRecipe@25cc1bba]"
"helloo","[entity.CommonRecipe@25cc1bba, entity.CommonRecipe@67fc588]"
"helloo","[entity.CommonRecipe@25cc1bba, entity.CommonRecipe@67fc588, entity.CommonRecipe@25cc1bba]"
"helloo","[entity.CommonRecipe@260282b8]"
""
""
"helloo","[entity.CommonRecipe@25cc1bba]"
""
""
"helloo","[entity.CommonRecipe@25cc1bba]"
"helloo","[entity.CommonRecipe@25cc1bba, entity.CommonRecipe@67fc588]"
""
""
"helloo","[entity.CommonRecipe@25cc1bba]"
""
""
"helloo","[entity.CommonRecipe@25cc1bba]"
"helloo","[entity.CommonRecipe@25cc1bba, entity.CommonRecipe@67fc588]"
"helloo","[entity.CommonRecipe@25cc1bba, entity.CommonRecipe@67fc588, entity.CommonRecipe@25cc1bba]"
""
""
"helloo","[entity.CommonRecipe@25cc1bba]"
""
""
"helloo","[entity.CommonRecipe@25cc1bba]"
"helloo","[entity.CommonRecipe@25cc1bba, entity.CommonRecipe@67fc588]"
""
""
"helloo","[entity.CommonRecipe@25cc1bba]"
""
""
"helloo","[entity.CommonRecipe@25cc1bba]"
"helloo","[entity.CommonRecipe@25cc1bba, entity.CommonRecipe@67fc588]"
"helloo","[entity.CommonRecipe@25cc1bba, entity.CommonRecipe@67fc588, entity.CommonRecipe@25cc1bba]"
"helloo","[entity.CommonRecipe@260282b8]"
"helloo","[entity.CommonRecipe@70ae5c48]"
"helloo","[entity.CommonRecipe@6ffafe67]"
"helloo","[entity.CommonRecipe@5260d581]"

""
"helloo","[entity.CommonRecipe@25cc1bba]"
""
""
"helloo","[entity.CommonRecipe@25cc1bba]"
"helloo","[entity.CommonRecipe@25cc1bba, entity.CommonRecipe@67fc588]"
""
""
"helloo","[entity.CommonRecipe@25cc1bba]"
""
""
"helloo","[entity.CommonRecipe@25cc1bba]"
"helloo","[entity.CommonRecipe@25cc1bba, entity.CommonRecipe@67fc588]"
"helloo","[entity.CommonRecipe@25cc1bba, entity.CommonRecipe@67fc588, entity.CommonRecipe@25cc1bba]"
""
""
"helloo","[entity.CommonRecipe@25cc1bba]"
""
""
"helloo","[entity.CommonRecipe@25cc1bba]"
"helloo","[entity.CommonRecipe@25cc1bba, entity.CommonRecipe@67fc588]"
""
""
"helloo","[entity.CommonRecipe@25cc1bba]"
""
""
"helloo","[entity.CommonRecipe@25cc1bba]"
"helloo","[entity.CommonRecipe@25cc1bba, entity.CommonRecipe@67fc588]"
"helloo","[entity.CommonRecipe@25cc1bba, entity.CommonRecipe@67fc588, entity.CommonRecipe@25cc1bba]"
"helloo","[entity.CommonRecipe@260282b8]"
""
""
"helloo","[entity.CommonRecipe@25cc1bba]"
""
""
"helloo","[entity.CommonRecipe@25cc1bba]"
"helloo","[entity.CommonRecipe@25cc1bba, entity.CommonRecipe@67fc588]"
""
""
"helloo","[entity.CommonRecipe@25cc1bba]"
""
""
"helloo","[entity.CommonRecipe@25cc1bba]"
"helloo","[entity.CommonRecipe@25cc1bba, entity.CommonRecipe@67fc588]"
"helloo","[entity.CommonRecipe@25cc1bba, entity.CommonRecipe@67fc588, entity.CommonRecipe@25cc1bba]"
""
""
"helloo","[entity.CommonRecipe@25cc1bba]"
""
""
"helloo","[entity.CommonRecipe@25cc1bba]"
"helloo","[entity.CommonRecipe@25cc1bba, entity.CommonRecipe@67fc588]"
""
""
"helloo","[entity.CommonRecipe@25cc1bba]"
""
""
"helloo","[entity.CommonRecipe@25cc1bba]"
"helloo","[entity.CommonRecipe@25cc1bba, entity.CommonRecipe@67fc588]"
"helloo","[entity.CommonRecipe@25cc1bba, entity.CommonRecipe@67fc588, entity.CommonRecipe@25cc1bba]"
"helloo","[entity.CommonRecipe@260282b8]"
"helloo","[entity.CommonRecipe@70ae5c48]"
""
""
"helloo","[entity.CommonRecipe@25cc1bba]"
""
""
"helloo","[entity.CommonRecipe@25cc1bba]"
"helloo","[entity.CommonRecipe@25cc1bba, entity.CommonRecipe@67fc588]"
""
""
"helloo","[entity.CommonRecipe@25cc1bba]"
""
""
"helloo","[entity.CommonRecipe@25cc1bba]"
"helloo","[entity.CommonRecipe@25cc1bba, entity.CommonRecipe@67fc588]"
"helloo","[entity.CommonRecipe@25cc1bba, entity.CommonRecipe@67fc588, entity.CommonRecipe@25cc1bba]"
""
""
"helloo","[entity.CommonRecipe@25cc1bba]"
""
""
"helloo","[entity.CommonRecipe@25cc1bba]"
"helloo","[entity.CommonRecipe@25cc1bba, entity.CommonRecipe@67fc588]"
""
""
"helloo","[entity.CommonRecipe@25cc1bba]"
""
""
"helloo","[entity.CommonRecipe@25cc1bba]"
"helloo","[entity.CommonRecipe@25cc1bba, entity.CommonRecipe@67fc588]"
"helloo","[entity.CommonRecipe@25cc1bba, entity.CommonRecipe@67fc588, entity.CommonRecipe@25cc1bba]"
"helloo","[entity.CommonRecipe@260282b8]"
""
""
"helloo","[entity.CommonRecipe@25cc1bba]"
""
""
"helloo","[entity.CommonRecipe@25cc1bba]"
"helloo","[entity.CommonRecipe@25cc1bba, entity.CommonRecipe@67fc588]"
""
""
"helloo","[entity.CommonRecipe@25cc1bba]"
""
""
"helloo","[entity.CommonRecipe@25cc1bba]"
"helloo","[entity.CommonRecipe@25cc1bba, entity.CommonRecipe@67fc588]"
"helloo","[entity.CommonRecipe@25cc1bba, entity.CommonRecipe@67fc588, entity.CommonRecipe@25cc1bba]"
""
""
"helloo","[entity.CommonRecipe@25cc1bba]"
""
""
"helloo","[entity.CommonRecipe@25cc1bba]"
"helloo","[entity.CommonRecipe@25cc1bba, entity.CommonRecipe@67fc588]"
""
""
"helloo","[entity.CommonRecipe@25cc1bba]"
""
""
"helloo","[entity.CommonRecipe@25cc1bba]"
"helloo","[entity.CommonRecipe@25cc1bba, entity.CommonRecipe@67fc588]"
"helloo","[entity.CommonRecipe@25cc1bba, entity.CommonRecipe@67fc588, entity.CommonRecipe@25cc1bba]"
"helloo","[entity.CommonRecipe@260282b8]"
"helloo","[entity.CommonRecipe@70ae5c48]"
"helloo","[entity.CommonRecipe@6ffafe67]"
""
""
"helloo","[entity.CommonRecipe@25cc1bba]"
""
""
"helloo","[entity.CommonRecipe@25cc1bba]"
"helloo","[entity.CommonRecipe@25cc1bba, entity.CommonRecipe@67fc588]"
""
""
"helloo","[entity.CommonRecipe@25cc1bba]"
""
""
"helloo","[entity.CommonRecipe@25cc1bba]"
"helloo","[entity.CommonRecipe@25cc1bba, entity.CommonRecipe@67fc588]"
"helloo","[entity.CommonRecipe@25cc1bba, entity.CommonRecipe@67fc588, entity.CommonRecipe@25cc1bba]"
""
""
"helloo","[entity.CommonRecipe@25cc1bba]"
""
""
"helloo","[entity.CommonRecipe@25cc1bba]"
"helloo","[entity.CommonRecipe@25cc1bba, entity.CommonRecipe@67fc588]"
""
""
"helloo","[entity.CommonRecipe@25cc1bba]"
""
""
"helloo","[entity.CommonRecipe@25cc1bba]"
"helloo","[entity.CommonRecipe@25cc1bba, entity.CommonRecipe@67fc588]"
"helloo","[entity.CommonRecipe@25cc1bba, entity.CommonRecipe@67fc588, entity.CommonRecipe@25cc1bba]"
"helloo","[entity.CommonRecipe@260282b8]"
""
""
"helloo","[entity.CommonRecipe@25cc1bba]"
""
""
"helloo","[entity.CommonRecipe@25cc1bba]"
"helloo","[entity.CommonRecipe@25cc1bba, entity.CommonRecipe@67fc588]"
""
""
"helloo","[entity.CommonRecipe@25cc1bba]"
""
""
"helloo","[entity.CommonRecipe@25cc1bba]"
"helloo","[entity.CommonRecipe@25cc1bba, entity.CommonRecipe@67fc588]"
"helloo","[entity.CommonRecipe@25cc1bba, entity.CommonRecipe@67fc588, entity.CommonRecipe@25cc1bba]"
""
""
"helloo","[entity.CommonRecipe@25cc1bba]"
""
""
"helloo","[entity.CommonRecipe@25cc1bba]"
"helloo","[entity.CommonRecipe@25cc1bba, entity.CommonRecipe@67fc588]"
""
""
"helloo","[entity.CommonRecipe@25cc1bba]"
""
""
"helloo","[entity.CommonRecipe@25cc1bba]"
"helloo","[entity.CommonRecipe@25cc1bba, entity.CommonRecipe@67fc588]"
"helloo","[entity.CommonRecipe@25cc1bba, entity.CommonRecipe@67fc588, entity.CommonRecipe@25cc1bba]"
"helloo","[entity.CommonRecipe@260282b8]"
"helloo","[entity.CommonRecipe@70ae5c48]"
""
""
"helloo","[entity.CommonRecipe@25cc1bba]"
""
""
"helloo","[entity.CommonRecipe@25cc1bba]"
"helloo","[entity.CommonRecipe@25cc1bba, entity.CommonRecipe@67fc588]"
""
""
"helloo","[entity.CommonRecipe@25cc1bba]"
""
""
"helloo","[entity.CommonRecipe@25cc1bba]"
"helloo","[entity.CommonRecipe@25cc1bba, entity.CommonRecipe@67fc588]"
"helloo","[entity.CommonRecipe@25cc1bba, entity.CommonRecipe@67fc588, entity.CommonRecipe@25cc1bba]"
""
""
"helloo","[entity.CommonRecipe@25cc1bba]"
""
""
"helloo","[entity.CommonRecipe@25cc1bba]"
"helloo","[entity.CommonRecipe@25cc1bba, entity.CommonRecipe@67fc588]"
""
""
"helloo","[entity.CommonRecipe@25cc1bba]"
""
""
"helloo","[entity.CommonRecipe@25cc1bba]"
"helloo","[entity.CommonRecipe@25cc1bba, entity.CommonRecipe@67fc588]"
"helloo","[entity.CommonRecipe@25cc1bba, entity.CommonRecipe@67fc588, entity.CommonRecipe@25cc1bba]"
"helloo","[entity.CommonRecipe@260282b8]"
""
""
"helloo","[entity.CommonRecipe@25cc1bba]"
""
""
"helloo","[entity.CommonRecipe@25cc1bba]"
"helloo","[entity.CommonRecipe@25cc1bba, entity.CommonRecipe@67fc588]"
""
""
"helloo","[entity.CommonRecipe@25cc1bba]"
""
""
"helloo","[entity.CommonRecipe@25cc1bba]"
"helloo","[entity.CommonRecipe@25cc1bba, entity.CommonRecipe@67fc588]"
"helloo","[entity.CommonRecipe@25cc1bba, entity.CommonRecipe@67fc588, entity.CommonRecipe@25cc1bba]"
""
""
"helloo","[entity.CommonRecipe@25cc1bba]"
""
""
"helloo","[entity.CommonRecipe@25cc1bba]"
"helloo","[entity.CommonRecipe@25cc1bba, entity.CommonRecipe@67fc588]"
""
""
"helloo","[entity.CommonRecipe@25cc1bba]"
""
""
"helloo","[entity.CommonRecipe@25cc1bba]"
"helloo","[entity.CommonRecipe@25cc1bba, entity.CommonRecipe@67fc588]"
"helloo","[entity.CommonRecipe@25cc1bba, entity.CommonRecipe@67fc588, entity.CommonRecipe@25cc1bba]"
"helloo","[entity.CommonRecipe@260282b8]"
"helloo","[entity.CommonRecipe@70ae5c48]"
"helloo","[entity.CommonRecipe@6ffafe67]"
"helloo","[entity.CommonRecipe@5260d581]"
"helloo","[entity.CommonRecipe@7cab6d84]"

""
"helloo","[entity.CommonRecipe@25cc1bba]"
""
""
"helloo","[entity.CommonRecipe@25cc1bba]"
"helloo","[entity.CommonRecipe@25cc1bba, entity.CommonRecipe@67fc588]"
""
""
"helloo","[entity.CommonRecipe@25cc1bba]"
""
""
"helloo","[entity.CommonRecipe@25cc1bba]"
"helloo","[entity.CommonRecipe@25cc1bba, entity.CommonRecipe@67fc588]"
"helloo","[entity.CommonRecipe@25cc1bba, entity.CommonRecipe@67fc588, entity.CommonRecipe@25cc1bba]"
""
""
"helloo","[entity.CommonRecipe@25cc1bba]"
""
""
"helloo","[entity.CommonRecipe@25cc1bba]"
"helloo","[entity.CommonRecipe@25cc1bba, entity.CommonRecipe@67fc588]"
""
""
"helloo","[entity.CommonRecipe@25cc1bba]"
""
""
"helloo","[entity.CommonRecipe@25cc1bba]"
"helloo","[entity.CommonRecipe@25cc1bba, entity.CommonRecipe@67fc588]"
"helloo","[entity.CommonRecipe@25cc1bba, entity.CommonRecipe@67fc588, entity.CommonRecipe@25cc1bba]"
"helloo","[entity.CommonRecipe@260282b8]"
""
""
"helloo","[entity.CommonRecipe@25cc1bba]"
""
""
"helloo","[entity.CommonRecipe@25cc1bba]"
"helloo","[entity.CommonRecipe@25cc1bba, entity.CommonRecipe@67fc588]"
""
""
"helloo","[entity.CommonRecipe@25cc1bba]"
""
""
"helloo","[entity.CommonRecipe@25cc1bba]"
"helloo","[entity.CommonRecipe@25cc1bba, entity.CommonRecipe@67fc588]"
"helloo","[entity.CommonRecipe@25cc1bba, entity.CommonRecipe@67fc588, entity.CommonRecipe@25cc1bba]"
""
""
"helloo","[entity.CommonRecipe@25cc1bba]"
""
""
"helloo","[entity.CommonRecipe@25cc1bba]"
"helloo","[entity.CommonRecipe@25cc1bba, entity.CommonRecipe@67fc588]"
""
""
"helloo","[entity.CommonRecipe@25cc1bba]"
""
""
"helloo","[entity.CommonRecipe@25cc1bba]"
"helloo","[entity.CommonRecipe@25cc1bba, entity.CommonRecipe@67fc588]"
"helloo","[entity.CommonRecipe@25cc1bba, entity.CommonRecipe@67fc588, entity.CommonRecipe@25cc1bba]"
"helloo","[entity.CommonRecipe@260282b8]"
"helloo","[entity.CommonRecipe@70ae5c48]"
""
""
"helloo","[entity.CommonRecipe@25cc1bba]"
""
""
"helloo","[entity.CommonRecipe@25cc1bba]"
"helloo","[entity.CommonRecipe@25cc1bba, entity.CommonRecipe@67fc588]"
""
""
"helloo","[entity.CommonRecipe@25cc1bba]"
""
""
"helloo","[entity.CommonRecipe@25cc1bba]"
"helloo","[entity.CommonRecipe@25cc1bba, entity.CommonRecipe@67fc588]"
"helloo","[entity.CommonRecipe@25cc1bba, entity.CommonRecipe@67fc588, entity.CommonRecipe@25cc1bba]"
""
""
"helloo","[entity.CommonRecipe@25cc1bba]"
""
""
"helloo","[entity.CommonRecipe@25cc1bba]"
"helloo","[entity.CommonRecipe@25cc1bba, entity.CommonRecipe@67fc588]"
""
""
"helloo","[entity.CommonRecipe@25cc1bba]"
""
""
"helloo","[entity.CommonRecipe@25cc1bba]"
"helloo","[entity.CommonRecipe@25cc1bba, entity.CommonRecipe@67fc588]"
"helloo","[entity.CommonRecipe@25cc1bba, entity.CommonRecipe@67fc588, entity.CommonRecipe@25cc1bba]"
"helloo","[entity.CommonRecipe@260282b8]"
""
""
"helloo","[entity.CommonRecipe@25cc1bba]"
""
""
"helloo","[entity.CommonRecipe@25cc1bba]"
"helloo","[entity.CommonRecipe@25cc1bba, entity.CommonRecipe@67fc588]"
""
""
"helloo","[entity.CommonRecipe@25cc1bba]"
""
""
"helloo","[entity.CommonRecipe@25cc1bba]"
"helloo","[entity.CommonRecipe@25cc1bba, entity.CommonRecipe@67fc588]"
"helloo","[entity.CommonRecipe@25cc1bba, entity.CommonRecipe@67fc588, entity.CommonRecipe@25cc1bba]"
""
""
"helloo","[entity.CommonRecipe@25cc1bba]"
""
""
"helloo","[entity.CommonRecipe@25cc1bba]"
"helloo","[entity.CommonRecipe@25cc1bba, entity.CommonRecipe@67fc588]"
""
""
"helloo","[entity.CommonRecipe@25cc1bba]"
""
""
"helloo","[entity.CommonRecipe@25cc1bba]"
"helloo","[entity.CommonRecipe@25cc1bba, entity.CommonRecipe@67fc588]"
"helloo","[entity.CommonRecipe@25cc1bba, entity.CommonRecipe@67fc588, entity.CommonRecipe@25cc1bba]"
"helloo","[entity.CommonRecipe@260282b8]"
"helloo","[entity.CommonRecipe@70ae5c48]"
"helloo","[entity.CommonRecipe@6ffafe67]"
""
""
"helloo","[entity.CommonRecipe@25cc1bba]"
""
""
"helloo","[entity.CommonRecipe@25cc1bba]"
"helloo","[entity.CommonRecipe@25cc1bba, entity.CommonRecipe@67fc588]"
""
""
"helloo","[entity.CommonRecipe@25cc1bba]"
""
""
"helloo","[entity.CommonRecipe@25cc1bba]"
"helloo","[entity.CommonRecipe@25cc1bba, entity.CommonRecipe@67fc588]"
"helloo","[entity.CommonRecipe@25cc1bba, entity.CommonRecipe@67fc588, entity.CommonRecipe@25cc1bba]"
""
""
"helloo","[entity.CommonRecipe@25cc1bba]"
""
""
"helloo","[entity.CommonRecipe@25cc1bba]"
"helloo","[entity.CommonRecipe@25cc1bba, entity.CommonRecipe@67fc588]"
""
""
"helloo","[entity.CommonRecipe@25cc1bba]"
""
""
"helloo","[entity.CommonRecipe@25cc1bba]"
"helloo","[entity.CommonRecipe@25cc1bba, entity.CommonRecipe@67fc588]"
"helloo","[entity.CommonRecipe@25cc1bba, entity.CommonRecipe@67fc588, entity.CommonRecipe@25cc1bba]"
"helloo","[entity.CommonRecipe@260282b8]"
""
""
"helloo","[entity.CommonRecipe@25cc1bba]"
""
""
"helloo","[entity.CommonRecipe@25cc1bba]"
"helloo","[entity.CommonRecipe@25cc1bba, entity.CommonRecipe@67fc588]"
""
""
"helloo","[entity.CommonRecipe@25cc1bba]"
""
""
"helloo","[entity.CommonRecipe@25cc1bba]"
"helloo","[entity.CommonRecipe@25cc1bba, entity.CommonRecipe@67fc588]"
"helloo","[entity.CommonRecipe@25cc1bba, entity.CommonRecipe@67fc588, entity.CommonRecipe@25cc1bba]"
""
""
"helloo","[entity.CommonRecipe@25cc1bba]"
""
""
"helloo","[entity.CommonRecipe@25cc1bba]"
"helloo","[entity.CommonRecipe@25cc1bba, entity.CommonRecipe@67fc588]"
""
""
"helloo","[entity.CommonRecipe@25cc1bba]"
""
""
"helloo","[entity.CommonRecipe@25cc1bba]"
"helloo","[entity.CommonRecipe@25cc1bba, entity.CommonRecipe@67fc588]"
"helloo","[entity.CommonRecipe@25cc1bba, entity.CommonRecipe@67fc588, entity.CommonRecipe@25cc1bba]"
"helloo","[entity.CommonRecipe@260282b8]"
"helloo","[entity.CommonRecipe@70ae5c48]"
""
""
"helloo","[entity.CommonRecipe@25cc1bba]"
""
""
"helloo","[entity.CommonRecipe@25cc1bba]"
"helloo","[entity.CommonRecipe@25cc1bba, entity.CommonRecipe@67fc588]"
""
""
"helloo","[entity.CommonRecipe@25cc1bba]"
""
""
"helloo","[entity.CommonRecipe@25cc1bba]"
"helloo","[entity.CommonRecipe@25cc1bba, entity.CommonRecipe@67fc588]"
"helloo","[entity.CommonRecipe@25cc1bba, entity.CommonRecipe@67fc588, entity.CommonRecipe@25cc1bba]"
""
""
"helloo","[entity.CommonRecipe@25cc1bba]"
""
""
"helloo","[entity.CommonRecipe@25cc1bba]"
"helloo","[entity.CommonRecipe@25cc1bba, entity.CommonRecipe@67fc588]"
""
""
"helloo","[entity.CommonRecipe@25cc1bba]"
""
""
"helloo","[entity.CommonRecipe@25cc1bba]"
"helloo","[entity.CommonRecipe@25cc1bba, entity.CommonRecipe@67fc588]"
"helloo","[entity.CommonRecipe@25cc1bba, entity.CommonRecipe@67fc588, entity.CommonRecipe@25cc1bba]"
"helloo","[entity.CommonRecipe@260282b8]"
""
""
"helloo","[entity.CommonRecipe@25cc1bba]"
""
""
"helloo","[entity.CommonRecipe@25cc1bba]"
"helloo","[entity.CommonRecipe@25cc1bba, entity.CommonRecipe@67fc588]"
""
""
"helloo","[entity.CommonRecipe@25cc1bba]"
""
""
"helloo","[entity.CommonRecipe@25cc1bba]"
"helloo","[entity.CommonRecipe@25cc1bba, entity.CommonRecipe@67fc588]"
"helloo","[entity.CommonRecipe@25cc1bba, entity.CommonRecipe@67fc588, entity.CommonRecipe@25cc1bba]"
""
""
"helloo","[entity.CommonRecipe@25cc1bba]"
""
""
"helloo","[entity.CommonRecipe@25cc1bba]"
"helloo","[entity.CommonRecipe@25cc1bba, entity.CommonRecipe@67fc588]"
""
""
"helloo","[entity.CommonRecipe@25cc1bba]"
""
""
"helloo","[entity.CommonRecipe@25cc1bba]"
"helloo","[entity.CommonRecipe@25cc1bba, entity.CommonRecipe@67fc588]"
"helloo","[entity.CommonRecipe@25cc1bba, entity.CommonRecipe@67fc588, entity.CommonRecipe@25cc1bba]"
"helloo","[entity.CommonRecipe@260282b8]"
"helloo","[entity.CommonRecipe@70ae5c48]"
"helloo","[entity.CommonRecipe@6ffafe67]"
"helloo","[entity.CommonRecipe@5260d581]"
""
""
"helloo","[entity.CommonRecipe@25cc1bba]"
""
""
"helloo","[entity.CommonRecipe@25cc1bba]"
"helloo","[entity.CommonRecipe@25cc1bba, entity.CommonRecipe@67fc588]"
""
""
"helloo","[entity.CommonRecipe@25cc1bba]"
""
""
"helloo","[entity.CommonRecipe@25cc1bba]"
"helloo","[entity.CommonRecipe@25cc1bba, entity.CommonRecipe@67fc588]"
"helloo","[entity.CommonRecipe@25cc1bba, entity.CommonRecipe@67fc588, entity.CommonRecipe@25cc1bba]"
""
""
"helloo","[entity.CommonRecipe@25cc1bba]"
""
""
"helloo","[entity.CommonRecipe@25cc1bba]"
"helloo","[entity.CommonRecipe@25cc1bba, entity.CommonRecipe@67fc588]"
""
""
"helloo","[entity.CommonRecipe@25cc1bba]"
""
""
"helloo","[entity.CommonRecipe@25cc1bba]"
"helloo","[entity.CommonRecipe@25cc1bba, entity.CommonRecipe@67fc588]"
"helloo","[entity.CommonRecipe@25cc1bba, entity.CommonRecipe@67fc588, entity.CommonRecipe@25cc1bba]"
"helloo","[entity.CommonRecipe@260282b8]"
""
""
"helloo","[entity.CommonRecipe@25cc1bba]"
""
""
"helloo","[entity.CommonRecipe@25cc1bba]"
"helloo","[entity.CommonRecipe@25cc1bba, entity.CommonRecipe@67fc588]"
""
""
"helloo","[entity.CommonRecipe@25cc1bba]"
""
""
"helloo","[entity.CommonRecipe@25cc1bba]"
"helloo","[entity.CommonRecipe@25cc1bba, entity.CommonRecipe@67fc588]"
"helloo","[entity.CommonRecipe@25cc1bba, entity.CommonRecipe@67fc588, entity.CommonRecipe@25cc1bba]"
""
""
"helloo","[entity.CommonRecipe@25cc1bba]"
""
""
"helloo","[entity.CommonRecipe@25cc1bba]"
"helloo","[entity.CommonRecipe@25cc1bba, entity.CommonRecipe@67fc588]"
""
""
"helloo","[entity.CommonRecipe@25cc1bba]"
""
""
"helloo","[entity.CommonRecipe@25cc1bba]"
"helloo","[entity.CommonRecipe@25cc1bba, entity.CommonRecipe@67fc588]"
"helloo","[entity.CommonRecipe@25cc1bba, entity.CommonRecipe@67fc588, entity.CommonRecipe@25cc1bba]"
"helloo","[entity.CommonRecipe@260282b8]"
"helloo","[entity.CommonRecipe@70ae5c48]"
""
""
"helloo","[entity.CommonRecipe@25cc1bba]"
""
""
"helloo","[entity.CommonRecipe@25cc1bba]"
"helloo","[entity.CommonRecipe@25cc1bba, entity.CommonRecipe@67fc588]"
""
""
"helloo","[entity.CommonRecipe@25cc1bba]"
""
""
"helloo","[entity.CommonRecipe@25cc1bba]"
"helloo","[entity.CommonRecipe@25cc1bba, entity.CommonRecipe@67fc588]"
"helloo","[entity.CommonRecipe@25cc1bba, entity.CommonRecipe@67fc588, entity.CommonRecipe@25cc1bba]"
""
""
"helloo","[entity.CommonRecipe@25cc1bba]"
""
""
"helloo","[entity.CommonRecipe@25cc1bba]"
"helloo","[entity.CommonRecipe@25cc1bba, entity.CommonRecipe@67fc588]"
""
""
"helloo","[entity.CommonRecipe@25cc1bba]"
""
""
"helloo","[entity.CommonRecipe@25cc1bba]"
"helloo","[entity.CommonRecipe@25cc1bba, entity.CommonRecipe@67fc588]"
"helloo","[entity.CommonRecipe@25cc1bba, entity.CommonRecipe@67fc588, entity.CommonRecipe@25cc1bba]"
"helloo","[entity.CommonRecipe@260282b8]"
""
""
"helloo","[entity.CommonRecipe@25cc1bba]"
""
""
"helloo","[entity.CommonRecipe@25cc1bba]"
"helloo","[entity.CommonRecipe@25cc1bba, entity.CommonRecipe@67fc588]"
""
""
"helloo","[entity.CommonRecipe@25cc1bba]"
""
""
"helloo","[entity.CommonRecipe@25cc1bba]"
"helloo","[entity.CommonRecipe@25cc1bba, entity.CommonRecipe@67fc588]"
"helloo","[entity.CommonRecipe@25cc1bba, entity.CommonRecipe@67fc588, entity.CommonRecipe@25cc1bba]"
""
""
"helloo","[entity.CommonRecipe@25cc1bba]"
""
""
"helloo","[entity.CommonRecipe@25cc1bba]"
"helloo","[entity.CommonRecipe@25cc1bba, entity.CommonRecipe@67fc588]"
""
""
"helloo","[entity.CommonRecipe@25cc1bba]"
""
""
"helloo","[entity.CommonRecipe@25cc1bba]"
"helloo","[entity.CommonRecipe@25cc1bba, entity.CommonRecipe@67fc588]"
"helloo","[entity.CommonRecipe@25cc1bba, entity.CommonRecipe@67fc588, entity.CommonRecipe@25cc1bba]"
"helloo","[entity.CommonRecipe@260282b8]"
"helloo","[entity.CommonRecipe@70ae5c48]"
"helloo","[entity.CommonRecipe@6ffafe67]"
""
""
"helloo","[entity.CommonRecipe@25cc1bba]"
""
""
"helloo","[entity.CommonRecipe@25cc1bba]"
"helloo","[entity.CommonRecipe@25cc1bba, entity.CommonRecipe@67fc588]"
""
""
"helloo","[entity.CommonRecipe@25cc1bba]"
""
""
"helloo","[entity.CommonRecipe@25cc1bba]"
"helloo","[entity.CommonRecipe@25cc1bba, entity.CommonRecipe@67fc588]"
"helloo","[entity.CommonRecipe@25cc1bba, entity.CommonRecipe@67fc588, entity.CommonRecipe@25cc1bba]"
""
""
"helloo","[entity.CommonRecipe@25cc1bba]"
""
""
"helloo","[entity.CommonRecipe@25cc1bba]"
"helloo","[entity.CommonRecipe@25cc1bba, entity.CommonRecipe@67fc588]"
""
""
"helloo","[entity.CommonRecipe@25cc1bba]"
""
""
"helloo","[entity.CommonRecipe@25cc1bba]"
"helloo","[entity.CommonRecipe@25cc1bba, entity.CommonRecipe@67fc588]"
"helloo","[entity.CommonRecipe@25cc1bba, entity.CommonRecipe@67fc588, entity.CommonRecipe@25cc1bba]"
"helloo","[entity.CommonRecipe@260282b8]"
""
""
"helloo","[entity.CommonRecipe@25cc1bba]"
""
""
"helloo","[entity.CommonRecipe@25cc1bba]"
"helloo","[entity.CommonRecipe@25cc1bba, entity.CommonRecipe@67fc588]"
""
""
"helloo","[entity.CommonRecipe@25cc1bba]"
""
""
"helloo","[entity.CommonRecipe@25cc1bba]"
"helloo","[entity.CommonRecipe@25cc1bba, entity.CommonRecipe@67fc588]"
"helloo","[entity.CommonRecipe@25cc1bba, entity.CommonRecipe@67fc588, entity.CommonRecipe@25cc1bba]"
""
""
"helloo","[entity.CommonRecipe@25cc1bba]"
""
""
"helloo","[entity.CommonRecipe@25cc1bba]"
"helloo","[entity.CommonRecipe@25cc1bba, entity.CommonRecipe@67fc588]"
""
""
"helloo","[entity.CommonRecipe@25cc1bba]"
""
""
"helloo","[entity.CommonRecipe@25cc1bba]"
"helloo","[entity.CommonRecipe@25cc1bba, entity.CommonRecipe@67fc588]"
"helloo","[entity.CommonRecipe@25cc1bba, entity.CommonRecipe@67fc588, entity.CommonRecipe@25cc1bba]"
"helloo","[entity.CommonRecipe@260282b8]"
"helloo","[entity.CommonRecipe@70ae5c48]"
""
""
"helloo","[entity.CommonRecipe@25cc1bba]"
""
""
"helloo","[entity.CommonRecipe@25cc1bba]"
"helloo","[entity.CommonRecipe@25cc1bba, entity.CommonRecipe@67fc588]"
""
""
"helloo","[entity.CommonRecipe@25cc1bba]"
""
""
"helloo","[entity.CommonRecipe@25cc1bba]"
"helloo","[entity.CommonRecipe@25cc1bba, entity.CommonRecipe@67fc588]"
"helloo","[entity.CommonRecipe@25cc1bba, entity.CommonRecipe@67fc588, entity.CommonRecipe@25cc1bba]"
""
""
"helloo","[entity.CommonRecipe@25cc1bba]"
""
""
"helloo","[entity.CommonRecipe@25cc1bba]"
"helloo","[entity.CommonRecipe@25cc1bba, entity.CommonRecipe@67fc588]"
""
""
"helloo","[entity.CommonRecipe@25cc1bba]"
""
""
"helloo","[entity.CommonRecipe@25cc1bba]"
"helloo","[entity.CommonRecipe@25cc1bba, entity.CommonRecipe@67fc588]"
"helloo","[entity.CommonRecipe@25cc1bba, entity.CommonRecipe@67fc588, entity.CommonRecipe@25cc1bba]"
"helloo","[entity.CommonRecipe@260282b8]"
""
""
"helloo","[entity.CommonRecipe@25cc1bba]"
""
""
"helloo","[entity.CommonRecipe@25cc1bba]"
"helloo","[entity.CommonRecipe@25cc1bba, entity.CommonRecipe@67fc588]"
""
""
"helloo","[entity.CommonRecipe@25cc1bba]"
""
""
"helloo","[entity.CommonRecipe@25cc1bba]"
"helloo","[entity.CommonRecipe@25cc1bba, entity.CommonRecipe@67fc588]"
"helloo","[entity.CommonRecipe@25cc1bba, entity.CommonRecipe@67fc588, entity.CommonRecipe@25cc1bba]"
""
""
"helloo","[entity.CommonRecipe@25cc1bba]"
""
""
"helloo","[entity.CommonRecipe@25cc1bba]"
"helloo","[entity.CommonRecipe@25cc1bba, entity.CommonRecipe@67fc588]"
""
""
"helloo","[entity.CommonRecipe@25cc1bba]"
""
""
"helloo","[entity.CommonRecipe@25cc1bba]"
"helloo","[entity.CommonRecipe@25cc1bba, entity.CommonRecipe@67fc588]"
"helloo","[entity.CommonRecipe@25cc1bba, entity.CommonRecipe@67fc588, entity.CommonRecipe@25cc1bba]"
"helloo","[entity.CommonRecipe@260282b8]"
"helloo","[entity.CommonRecipe@70ae5c48]"
"helloo","[entity.CommonRecipe@6ffafe67]"
"helloo","[entity.CommonRecipe@5260d581]"
"helloo","[entity.CommonRecipe@7cab6d84]"
"helloo","[entity.CommonRecipe@1a7dc27c]"
